Metric,Value,Timestamp
Algorithm,DE,2026-03-11T19:00:24.739113
Population_Size,4,2026-03-11T19:00:24.739113
Iterations,10,2026-03-11T19:00:24.739113
Combination_Sample_Size,3,2026-03-11T19:00:24.739113
Early_Stopping_Enabled,True,2026-03-11T19:00:24.739113
Early_Stopping_Patience,3,2026-03-11T19:00:24.739113
Best_direct_prompt_node,"As a straightforward responder, follow the task instruction exactly and provide the final answer.",2026-03-11T19:00:24.739113
Best_expert_prompt_node,"As a knowledgeable assistant, carefully analyze the task instruction and deliver the final response.",2026-03-11T19:00:24.739113
Best_cot_prompt_node,"As a considerate assistant, analyze step by step, then carry out the task instruction and deliver the final response.",2026-03-11T19:00:24.739113
